0	530	0.416261
1	524	0.411549
2	518	0.406836
3	512	0.402124
4	506	0.397411
5	494	0.406836
6	488	0.402124
7	482	0.397411
8	476	0.387987
9	470	0.383274
0x1	0x0	1
0x2	0x0	1
0x3	0x1	1.99919
0x4	0x0	1
0x5	0x0	1.99933
0x6	0x2	1.99951
0x7	0x3	2.2358
0x8	0x0	0.999921
0x9	0x1	1.99943
0xa	0x2	1.99961
0xb	0x2	2.65695
0xc	0x4	1.99974
0xd	0x4	2.65702
0xe	0x6	2.23557
0xf	0x4	2.65702
0x10	0x0	1
0x11	0x1	1.99987
0x12	0x2	1.99966
0x13	0x1	2.8118
0x14	0x0	1.9998
0x15	0x1	2.23443
0x16	0x6	2.65357
0x17	0x3	2.75882
0x18	0x0	1.9999
0x19	0x1	2.81259
0x1a	0x2	2.65763
0x1b	0x1	2.49715
0x1c	0x4	2.23513
0x1d	0x5	2.75036
0x1e	0xe	2.65895
0x1f	0x2	2.99955
0x20	0x0	1
0x21	0x0	1.99949
0x22	0x2	1.99966
0x23	0x3	2.89722
0x24	0x4	1.99995
0x25	0x4	2.6576
0x26	0x4	2.88216
0x27	0x4	3.00168
0x28	0x0	1.9999
0x29	0x9	2.2335
0x2a	0x2	2.86255
0x2b	0x3	2.92713
0x2c	0x4	2.78437
0x2d	0x5	3.1207
0x2e	0xc	3.01634
0x2f	0x1	3.09337
0x30	0x0	1.99996
0x31	0x10	2.64364
0x32	0x12	2.86415
0x33	0x13	3.27661
0x34	0x4	2.23169
0x35	0x4	2.64245
0x36	0x14	2.9383
0x37	0x4	3.01197
0x38	0x18	2.63127
0x39	0x1	3.09878
0x3a	0x1a	2.74699
0x3b	0x2	3.17387
0x3c	0xc	2.73415
0x3d	0x5	3.23687
0x3e	0x8	3.0098
0x3f	0x1d	3.10121
0x40	0x0	1
0x41	0x1	1.99943
0x42	0x2	1.99961
0x43	0x3	2.90786
0x44	0x4	1.99974
0x45	0x4	2.90689
0x46	0x6	2.9203
0x47	0x4	3.136
0x48	0x0	1.99984
0x49	0x8	2.92555
0x4a	0xa	2.63125
0x4b	0x3	3.41824
0x4c	0x8	2.85584
0x4d	0xd	3.32036
0x4e	0x8	3.01414
0x4f	0x2	3.34878
0x50	0x10	1.9999
0x51	0x1	2.93305
0x52	0x12	2.23255
0x53	0x2	3.0158
0x54	0x4	2.86937
0x55	0x5	3.04001
0x56	0x6	2.95022
0x57	0x16	3.18331
0x58	0x18	2.78041
0x59	0x10	2.77381
0x5a	0x1a	3.11599
0x5b	0x1	3.1209
0x5c	0x18	3.02333
0x5d	0x5	2.99919
0x5e	0x2	3.08148
0x5f	0x1b	3.35421
0x60	0x20	1.9999
0x61	0x20	2.93861
0x62	0x2	2.91222
0x63	0x2	2.80447
0x64	0x4	2.8595
0x65	0x4	3.33762
0x66	0x4	2.66389
0x67	0x5	3.12268
0x68	0x28	2.7803
0x69	0x20	3.03065
0x6a	0x2	3.2841
0x6b	0x20	3
0x6c	0x8	2.72593
0x6d	0x9	3.35452
0x6e	0x4	3.0169
0x6f	0xd	3.4025
0x70	0x10	2.6312
0x71	0x11	3.40668
0x72	0x22	2.95032
0x73	0x2	3.00448
0x74	0x4	2.93163
0x75	0x34	3.35786
0x76	0x2	3.07875
0x77	0x27	3.16016
0x78	0x38	2.48923
0x79	0x39	3.13132
0x7a	0x20	3.17364
0x7b	0x21	3.99903
0x7c	0x14	2.99966
0x7d	0x9	3.72418
0x7e	0x2e	3.19706
0x7f	0x28	3.49894
0x80	0x0	1
0x81	0x1	1.99996
0x82	0x2	1.99951
0x83	0x1	2.94776
0x84	0x0	1.99996
0x85	0x1	2.77277
0x86	0x4	2.92765
0x87	0x1	3.11545
0x88	0x8	1.99974
0x89	0x1	2.93093
0x8a	0x8	2.93627
0x8b	0x8	3.43483
0x8c	0xc	2.88906
0x8d	0x4	3.25518
0x8e	0x2	3.11776
0x8f	0xd	3.43944
0x90	0x10	1.99995
0x91	0x11	2.23078
0x92	0x12	2.88216
0x93	0x1	3.05374
0x94	0x10	2.65151
0x95	0x1	2.72229
0x96	0x4	3.36658
0x97	0x1	3.32067
0x98	0x10	2.85953
0x99	0x11	3.04526
0x9a	0x1a	3.34566
0x9b	0x1	3.36192
0x9c	0x10	3.01819
0x9d	0x5	3.19413
0x9e	0xe	3.3174
0x9f	0x1d	3.44729
0xa0	0x0	1.9998
0xa1	0x21	2.79158
0xa2	0x20	2.91162
0xa3	0x22	3.2957
0xa4	0x20	2.65161
0xa5	0x25	2.49844
0xa6	0x22	3.32646
0xa7	0x1	3.1135
0xa8	0x20	2.86961
0xa9	0x9	3.17989
0xaa	0x2a	2.79063
0xab	0x2a	3.12132
0xac	0x24	3.28379
0xad	0x20	3.0084
0xae	0x8	2.99986
0xaf	0x9	3.48655
0xb0	0x10	2.23161
0xb1	0x11	2.74873
0xb2	0x10	3.0226
0xb3	0x33	3.20825
0xb4	0x4	2.65674
0xb5	0x4	3
0xb6	0x34	3.38125
0xb7	0x13	3.70986
0xb8	0x38	2.93175
0xb9	0x11	3.41187
0xba	0x20	3.14839
0xbb	0x19	3.26838
0xbc	0x18	2.99957
0xbd	0x19	3.67365
0xbe	0x6	3.39175
0xbf	0xc	3.6227
0xc0	0x40	1.99974
0xc1	0x1	2.93148
0xc2	0x40	2.94175
0xc3	0x43	2.75719
0xc4	0x4	2.88906
0xc5	0x4	3.32066
0xc6	0x40	2.78095
0xc7	0x5	3.19009
0xc8	0x40	2.85584
0xc9	0x41	3.39368
0xca	0x42	3.29282
0xcb	0x4b	3.26377
0xcc	0x40	2.69536
0xcd	0x4d	3.26035
0xce	0xa	3.12179
0xcf	0x41	3.56619
0xd0	0x50	2.78418
0xd1	0x11	3.08139
0xd2	0x2	3.02501
0xd3	0x12	3.36518
0xd4	0x44	3.28361
0xd5	0x41	3.22236
0xd6	0x40	2.99986
0xd7	0x41	3.67248
0xd8	0x8	2.72593
0xd9	0x10	3.11976
0xda	0x12	3.32155
0xdb	0x53	3.60459
0xdc	0x40	3.01391
0xdd	0x5c	3.4777
0xde	0x16	3.38568
0xdf	0x4f	3.39061
0xe0	0x20	2.23506
0xe1	0x61	3.10732
0xe2	0x20	3.08031
0xe3	0x1	3.16994
0xe4	0x60	3.01819
0xe5	0x25	3.10511
0xe6	0x46	3.12718
0xe7	0x5	3.53672
0xe8	0x28	3.02337
0xe9	0x28	3.42662
0xea	0x6a	3.0169
0xeb	0x43	3.15441
0xec	0x40	3.01398
0xed	0x9	3.39108
0xee	0x42	3.99931
0xef	0x4c	3.73442
0xf0	0x70	2.73399
0xf1	0x31	3.3218
0xf2	0x70	3.15656
0xf3	0x33	3.6406
0xf4	0x60	2.99957
0xf5	0x25	3.70468
0xf6	0x12	3.17457
0xf7	0x50	3.38109
0xf8	0x58	2.99966
0xf9	0x39	3.61302
0xfa	0x2a	3.19207
0xfb	0x9	3.4668
0xfc	0x5c	3.15625
0xfd	0x60	3.46358
0xfe	0xc	3.41533
0xff	0xd	3.93235
0x100	0x0	1
0x101	0x1	1.99919
0x102	0x2	1.99984
0x103	0x2	2.95581
0x104	0x4	1.99951
0x105	0x1	2.96286
0x106	0x2	2.93944
0x107	0x6	3.15316
0x108	0x0	1.99961
0x109	0x9	2.65788
0x10a	0x2	2.78022
0x10b	0x8	3.31717
0x10c	0x8	2.9415
0x10d	0x9	3.44389
0x10e	0x2	3.11316
0x10f	0xe	3.38696
0x110	0x10	1.99966
0x111	0x10	2.95259
0x112	0x12	2.92583
0x113	0x2	3.34246
0x114	0x4	2.91139
0x115	0x1	3.13846
0x116	0x4	3.43965
0x117	0x14	3.56066
0x118	0x8	2.91252
0x119	0x19	3.26558
0x11a	0x8	3.23195
0x11b	0x13	3.46227
0x11c	0x10	3.08025
0x11d	0x10	3.51423
0x11e	0xe	3.39187
0x11f	0x1d	3.99876
0x120	0x20	1.99966
0x121	0x1	2.65771
0x122	0x2	2.92583
0x123	0x22	3.55884
0x124	0x20	2.88242
0x125	0x20	3.35601
0x126	0x22	3.37022
0x127	0x2	3.73171
0x128	0x28	2.23255
0x129	0x8	2.65724
0x12a	0x2a	3.16699
0x12b	0x29	3.4389
0x12c	0x8	3.02542
0x12d	0xc	3.29785
0x12e	0xc	3.41849
0x12f	0xe	3.67992
0x130	0x10	2.86415
0x131	0x30	3.44431
0x132	0x32	2.72682
0x133	0x10	3.42392
0x134	0x14	3.02299
0x135	0x34	3.48767
0x136	0x6	3.30681
0x137	0x36	3.42571
0x138	0x28	2.95008
0x139	0x1	3.32232
0x13a	0x2	3.09649
0x13b	0x1a	3.59321
0x13c	0xc	3.15656
0x13d	0x2d	3.41471
0x13e	0x1c	3.49475
0x13f	0x1d	3.55118
0x140	0x0	1.99961
0x141	0x41	2.90798
0x142	0x42	2.7799
0x143	0x41	3.46618
0x144	0x44	2.93653
0x145	0x4	2.80776
0x146	0x44	3.32218
0x147	0x6	3.12895
0x148	0x8	2.63129
0x149	0x9	3.34747
0x14a	0x2	2.48926
0x14b	0x41	3.31334
0x14c	0x44	3.29298
0x14d	0x48	3.34962
0x14e	0x2	3.11006
0x14f	0x6	3.78668
0x150	0x40	2.86229
0x151	0x1	3.43889
0x152	0x12	3.16699
0x153	0x12	3.77168
0x154	0x10	2.79068
0x155	0x11	3.11611
0x156	0x54	3.12357
0x157	0x13	3.45452
0x158	0x58	3.28377
0x159	0x1	3.31747
0x15a	0x50	3.01685
0x15b	0x5a	3.59934
0x15c	0x4	3.0169
0x15d	0x19	3.31341
0x15e	0x12	3.4419
0x15f	0x57	3.57984
0x160	0x60	2.65763
0x161	0x41	3.47153
0x162	0x40	3.23203
0x163	0x2	3.26541
0x164	0x20	3.34593
0x165	0x24	3.3233
0x166	0x2	3.27932
0x167	0x47	3.53551
0x168	0x8	3.11599
0x169	0x41	3.32715
0x16a	0x8	3.0171
0x16b	0x6a	3.8559
0x16c	0x4c	3.32155
0x16d	0x68	3.63909
0x16e	0x6a	3.38878
0x16f	0x47	3.58389
0x170	0x10	2.74699
0x171	0x71	3.28325
0x172	0x42	3.09682
0x173	0x43	3.59874
0x174	0x10	3.14839
0x175	0x55	3.53987
0x176	0x26	3.87304
0x177	0x50	3.55714
0x178	0x10	3.1739
0x179	0x58	3.46699
0x17a	0x72	3.60429
0x17b	0x28	3.57998
0x17c	0x2c	3.19184
0x17d	0x39	3.51997
0x17e	0x1a	3.62263
0x17f	0x4f	3.85194
0x180	0x80	1.99951
0x181	0x80	2.94773
0x182	0x82	2.93944
0x183	0x2	2.80121
0x184	0x4	2.92765
0x185	0x84	3.43747
0x186	0x2	2.75879
0x187	0x2	3.16098
0x188	0x88	2.92066
0x189	0x88	3.55875
0x18a	0x8	3.32193
0x18b	0x1	3.44489
0x18c	0x8	2.78095
0x18d	0x5	3.26773
0x18e	0x4	3.16995
0x18f	0xd	3.56049
0x190	0x10	2.88242
0x191	0x1	3.10616
0x192	0x12	3.37043
0x193	0x90	3.13331
0x194	0x84	3.32646
0x195	0x94	3.6191
0x196	0x2	3.2622
0x197	0x90	3.67543
0x198	0x10	2.66396
0x199	0x98	3.31037
0x19a	0x9a	3.27932
0x19b	0x98	3.89018
0x19c	0x14	3.12718
0x19d	0x9c	3.48655
0x19e	0x16	3.56288
0x19f	0xb	3.53709
0x1a0	0x20	2.65398
0x1a1	0x20	3.35719
0x1a2	0x80	3.43965
0x1a3	0xa3	3.47379
0x1a4	0x80	3.36691
0x1a5	0xa1	3.33187
0x1a6	0xa6	3.26237
0x1a7	0x87	3.33779
0x1a8	0x28	2.95053
0x1a9	0x29	3.45567
0x1aa	0xa8	3.12369
0x1ab	0xa8	3.57375
0x1ac	0x8	2.99986
0x1ad	0x9	3.85961
0x1ae	0x2a	3.16699
0x1af	0x87	3.84373
0x1b0	0x10	2.93801
0x1b1	0x80	3.43456
0x1b2	0x82	3.30726
0x1b3	0x11	3.25469
0x1b4	0xb0	3.38076
0x1b5	0xa5	3.99884
0x1b6	0x32	3.43455
0x1b7	0x32	3.73057
0x1b8	0xb8	3.07866
0x1b9	0xa0	3.27721
0x1ba	0x2a	3.87304
0x1bb	0x11	3.66881
0x1bc	0x9c	3.17435
0x1bd	0x81	3.54251
0x1be	0x8e	3.62727
0x1bf	0xa4	4.0071
0x1c0	0x40	2.23534
0x1c1	0xc0	3.16261
0x1c2	0xc2	3.11316
0x1c3	0x1	3.17242
0x1c4	0x40	3.11744
0x1c5	0xc5	3.13902
0x1c6	0x80	3.16962
0x1c7	0x5	3.9988
0x1c8	0xc0	3.01436
0x1c9	0x80	3.7318
0x1ca	0x4a	3.11019
0x1cb	0x9	3.32036
0x1cc	0x8c	3.12173
0x1cd	0x9	3.53458
0x1ce	0xa	3.52018
0x1cf	0x9	3.63083
0x1d0	0x50	3.01622
0x1d1	0x41	3.61918
0x1d2	0xc0	3.41849
0x1d3	0x41	3.75291
0x1d4	0x40	2.99986
0x1d5	0xc0	3.6735
0x1d6	0x12	3.16699
0x1d7	0x87	3.72711
0x1d8	0x80	3.0169
0x1d9	0xc0	3.60486
0x1da	0x82	3.38835
0x1db	0x83	3.47379
0x1dc	0x9c	3.99931
0x1dd	0xd8	3.64074
0x1de	0x98	3.7196
0x1df	0x16	3.8557
0x1e0	0x20	2.65895
0x1e1	0x41	3.34662
0x1e2	0x82	3.39197
0x1e3	0x83	3.52177
0x1e4	0x80	3.31694
0x1e5	0xc0	3.77852
0x1e6	0x46	3.56288
0x1e7	0xc7	3.67356
0x1e8	0x48	3.08148
0x1e9	0xe0	3.67406
0x1ea	0x6a	3.44218
0x1eb	0x29	3.85643
0x1ec	0x4c	3.38568
0x1ed	0x29	3.61268
0x1ee	0xc0	3.71997
0x1ef	0x8e	3.95514
0x1f0	0x40	3.0098
0x1f1	0xc0	3.65331
0x1f2	0x50	3.49457
0x1f3	0x21	3.50843
0x1f4	0x74	3.39153
0x1f5	0xf4	3.72055
0x1f6	0x32	3.62728
0x1f7	0x25	3.9988
0x1f8	0x28	3.19723
0x1f9	0x98	3.62746
0x1fa	0x9a	3.62263
0x1fb	0x32	3.86301
0x1fc	0x74	3.41533
0x1fd	0x58	3.99931
0x1fe	0x8e	3.8632
0x1ff	0x83	3.97063
0x200	0x0	1
0x201	0x0	1.99901
0x202	0x2	1.99919
0x203	0x1	2.9615
0x204	0x4	1.99996
0x205	0x5	2.83522
0x206	0x4	2.94722
0x207	0x6	3.15127
0x208	0x0	1.99943
0x209	0x9	2.95458
0x20a	0x2	2.90744
0x20b	0x2	3.56989
0x20c	0xc	2.93093
0x20d	0x1	3.53374
0x20e	0x6	3.16228
0x20f	0x4	3.4963
0x210	0x0	1.99949
0x211	0x10	2.81985
0x212	0x12	2.65771
0x213	0x13	3.49553
0x214	0x14	2.79158
0x215	0x14	3.00592
0x216	0x12	3.35676
0x217	0x16	3.42131
0x218	0x10	2.93859
0x219	0x19	3.38137
0x21a	0x12	3.47231
0x21b	0x1	3.28774
0x21c	0x4	3.10769
0x21d	0x18	3.42825
0x21e	0x16	3.34625
0x21f	0x17	3.61358
0x220	0x20	1.99987
0x221	0x20	2.82044
0x222	0x22	2.95248
0x223	0x3	3.35238
0x224	0x4	2.23078
0x225	0x24	2.89899
0x226	0x24	3.1062
0x227	0x26	3.35609
0x228	0x20	2.93343
0x229	0x20	3.17729
0x22a	0x20	3.43814
0x22b	0x21	3.79943
0x22c	0xc	3.08181
0x22d	0x2c	3.45577
0x22e	0x2c	3.61926
0x22f	0x24	3.58894
0x230	0x20	2.64364
0x231	0x10	2.76155
0x232	0x30	3.44431
0x233	0x20	3.34404
0x234	0x4	2.74896
0x235	0x10	3.01585
0x236	0x4	3.43395
0x237	0x31	3.72154
0x238	0x10	3.40661
0x239	0x28	3.13667
0x23a	0x8	3.28311
0x23b	0x33	3.63391
0x23c	0xc	3.3218
0x23d	0x5	3.5041
0x23e	0xc	3.65327
0x23f	0x3d	3.86463
0x240	0x40	1.99943
0x241	0x1	2.95458
0x242	0x40	2.6577
0x243	0x2	3.47145
0x244	0x4	2.93148
0x245	0x1	3.37352
0x246	0x44	3.55875
0x247	0x3	3.54495
0x248	0x40	2.92555
0x249	0x8	2.76858
0x24a	0xa	3.34747
0x24b	0x8	3.22753
0x24c	0xc	3.39356
0x24d	0x44	3.30301
0x24e	0x4e	3.731
0x24f	0x44	3.79936
0x250	0x10	2.2335
0x251	0x50	3.17729
0x252	0x40	2.65724
0x253	0x11	3.46071
0x254	0x54	3.17952
0x255	0x14	3.3162
0x256	0x6	3.45591
0x257	0x56	3.58008
0x258	0x58	3.03082
0x259	0x49	3.17533
0x25a	0x52	3.32702
0x25b	0x49	3.51695
0x25c	0x18	3.42665
0x25d	0x4d	3.61231
0x25e	0x56	3.67434
0x25f	0x49	3.71304
0x260	0x20	2.81288
0x261	0x41	3.38209
0x262	0x2	3.26508
0x263	0x1	3.34365
0x264	0x44	3.04516
0x265	0x65	3.60072
0x266	0x64	3.31103
0x267	0x5	3.67745
0x268	0x20	2.77381
0x269	0x69	3.17547
0x26a	0x6a	3.31752
0x26b	0x23	3.58278
0x26c	0x68	3.11964
0x26d	0xc	3.68737
0x26e	0xc	3.60419
0x26f	0x27	3.47967
0x270	0x70	3.09878
0x271	0x50	3.13636
0x272	0x72	3.32215
0x273	0x71	3.8206
0x274	0x54	3.41187
0x275	0x54	3.624
0x276	0x14	3.27722
0x277	0x56	3.73874
0x278	0x40	3.13145
0x279	0x21	3.64564
0x27a	0x22	3.46699
0x27b	0x33	3.55391
0x27c	0x44	3.61294
0x27d	0x79	3.66696
0x27e	0x2e	3.62746
0x27f	0x57	3.99691
0x280	0x0	1.99933
0x281	0x1	2.83522
0x282	0x80	2.96287
0x283	0x81	3.34932
0x284	0x84	2.77277
0x285	0x85	2.77655
0x286	0x84	3.43808
0x287	0x1	3.07814
0x288	0x88	2.90738
0x289	0x81	3.37282
0x28a	0x8a	2.80749
0x28b	0x8b	3.32377
0x28c	0x80	3.3207
0x28d	0x80	3.33648
0x28e	0x2	3.13902
0x28f	0x6	3.83427
0x290	0x10	2.6576
0x291	0x90	2.89852
0x292	0x12	3.35608
0x293	0x80	3.58421
0x294	0x94	2.49848
0x295	0x80	2.99899
0x296	0x80	3.33214
0x297	0x11	3.35904
0x298	0x88	3.33766
0x299	0x9	3.60013
0x29a	0x90	3.32352
0x29b	0x19	3.51903
0x29c	0xc	3.10511
0x29d	0x11	3.50824
0x29e	0x6	3.77852
0x29f	0x13	3.61094
0x2a0	0xa0	2.23408
0x2a1	0x21	3.00651
0x2a2	0xa2	3.13786
0x2a3	0x21	3.60276
0x2a4	0xa4	2.72206
0x2a5	0x4	2.99899
0x2a6	0xa6	3.61834
0x2a7	0x24	3.64793
0x2a8	0x20	3.03966
0x2a9	0xa8	3.3158
0x2aa	0x8a	3.11654
0x2ab	0xa8	3.93763
0x2ac	0xa4	3.22237
0x2ad	0x85	3.36469
0x2ae	0x6	3.67356
0x2af	0x6	3.71847
0x2b0	0x10	2.64204
0x2b1	0x20	3.01584
0x2b2	0xb2	3.48797
0x2b3	0xa0	3.75986
0x2b4	0x10	3
0x2b5	0xb4	3.5091
0x2b6	0x12	3.99884
0x2b7	0xb6	3.99637
0x2b8	0xb8	3.35772
0x2b9	0xa0	3.62419
0x2ba	0x18	3.53976
0x2bb	0x81	3.74696
0x2bc	0x24	3.70468
0x2bd	0x85	4.07013
0x2be	0xb6	3.72055
0x2bf	0xc	3.99921
0x2c0	0xc0	2.65658
0x2c1	0xc1	3.53366
0x2c2	0xc0	3.44416
0x2c3	0x1	3.4723
0x2c4	0xc0	3.25536
0x2c5	0x44	3.33566
0x2c6	0x4	3.26784
0x2c7	0xc5	3.59832
0x2c8	0x8	3.32036
0x2c9	0xc0	3.30239
0x2ca	0x2	3.34889
0x2cb	0xa	3.99852
0x2cc	0x4c	3.26085
0x2cd	0xc4	3.9563
0x2ce	0x8e	3.53453
0x2cf	0x3	3.86407
0x2d0	0x10	3.12078
0x2d1	0xd0	3.45621
0x2d2	0x82	3.29785
0x2d3	0x90	3.61201
0x2d4	0x50	3.00857
0x2d5	0x11	3.36462
0x2d6	0xd4	3.85995
0x2d7	0x11	3.61352
0x2d8	0x98	3.35461
0x2d9	0x88	3.68793
0x2da	0x12	3.63918
0x2db	0x53	3.65698
0x2dc	0xd4	3.39067
0x2dd	0x81	3.74666
0x2de	0xc4	3.61221
0x2df	0xd4	3.77807
0x2e0	0x20	2.74999
0x2e1	0x20	3.42825
0x2e2	0x62	3.51423
0x2e3	0xe2	3.81657
0x2e4	0x24	3.19354
0x2e5	0x85	3.50855
0x2e6	0xa6	3.48655
0x2e7	0xe5	3.61742
0x2e8	0x68	2.99919
0x2e9	0x69	3.61191
0x2ea	0xc0	3.31377
0x2eb	0xe9	3.71304
0x2ec	0xa0	3.47829
0x2ed	0xe9	3.74707
0x2ee	0x6c	3.64048
0x2ef	0x43	3.99931
0x2f0	0x70	3.23687
0x2f1	0x71	3.50416
0x2f2	0x60	3.41478
0x2f3	0xf1	3.57566
0x2f4	0x94	3.67333
0x2f5	0x31	4.07043
0x2f6	0xf2	3.54258
0x2f7	0xc5	3.98258
0x2f8	0xf0	3.7238
0x2f9	0xc9	3.66713
0x2fa	0x8a	3.51997
0x2fb	0x79	3.82144
0x2fc	0x18	3.46333
0x2fd	0x25	3.70564
0x2fe	0x68	3.99931
0x2ff	0xf6	4.07917
0x300	0x100	1.99919
0x301	0x1	2.9615
0x302	0x2	2.95581
0x303	0x100	2.78583
0x304	0x4	2.94731
0x305	0x1	3.35002
0x306	0x2	2.80121
0x307	0x5	3.15849
0x308	0x100	2.90799
0x309	0x8	3.47214
0x30a	0x8	3.4661
0x30b	0x100	3.41558
0x30c	0x10c	2.75735
0x30d	0x5	3.4723
0x30e	0x4	3.17307
0x30f	0x107	3.63138
0x310	0x110	2.89776
0x311	0x11	3.3524
0x312	0x110	3.55934
0x313	0x12	3.42381
0x314	0x10	3.29622
0x315	0x105	3.60276
0x316	0x100	3.47379
0x317	0x12	3.5323
0x318	0x100	2.80413
0x319	0x119	3.34365
0x31a	0xa	3.26541
0x31b	0x119	3.89817
0x31c	0x11c	3.16978
0x31d	0x14	3.81572
0x31e	0x1a	3.52125
0x31f	0x10f	3.80252
0x320	0x20	2.81215
0x321	0x1	3.4957
0x322	0x2	3.34295
0x323	0x22	3.42445
0x324	0x24	3.05384
0x325	0x4	3.58375
0x326	0x24	3.13331
0x327	0x5	3.43965
0x328	0x100	3.0158
0x329	0x1	3.46008
0x32a	0x120	3.7712
0x32b	0x128	3.64567
0x32c	0x28	3.36552
0x32d	0x12c	3.61226
0x32e	0x126	3.75356
0x32f	0x2d	3.83219
0x330	0x110	3.27661
0x331	0x10	3.34369
0x332	0x122	3.42445
0x333	0x130	3.90723
0x334	0x104	3.20823
0x335	0x14	3.7594
0x336	0x14	3.25511
0x337	0x117	3.62936
0x338	0x100	3.00494
0x339	0x9	3.82121
0x33a	0x138	3.59828
0x33b	0x39	3.71538
0x33c	0xc	3.64001
0x33d	0x9	3.57646
0x33e	0x12e	3.5087
0x33f	0x13c	3.96983
0x340	0x100	2.65668
0x341	0x40	3.56943
0x342	0x40	3.31669
0x343	0x2	3.41535
0x344	0x40	3.43412
0x345	0x141	3.32456
0x346	0x4	3.44421
0x347	0x107	3.49149
0x348	0x48	3.41824
0x349	0x108	3.22685
0x34a	0x8	3.31307
0x34b	0x140	3.8632
0x34c	0x4	3.26377
0x34d	0x140	3.99852
0x34e	0x10e	3.32036
0x34f	0x42	3.89372
0x350	0x50	2.92713
0x351	0x141	3.79947
0x352	0x102	3.4389
0x353	0x52	3.64528
0x354	0x150	3.12132
0x355	0x114	3.93717
0x356	0x54	3.57375
0x357	0x45	3.5883
0x358	0x10	3
0x359	0x101	3.58309
0x35a	0x12	3.85598
0x35b	0x153	3.80529
0x35c	0x54	3.15475
0x35d	0x101	3.71304
0x35e	0x44	3.85614
0x35f	0x5a	3.9987
0x360	0x160	2.49741
0x361	0x161	3.28774
0x362	0x42	3.46227
0x363	0x101	3.89817
0x364	0x164	3.36183
0x365	0x105	3.51903
0x366	0x64	3.89024
0x367	0x65	3.55243
0x368	0x20	3.12143
0x369	0x121	3.51695
0x36a	0x168	3.59941
0x36b	0x10b	3.80498
0x36c	0x10c	3.60487
0x36d	0x10d	3.65705
0x36e	0x120	3.47379
0x36f	0x6a	3.9987
0x370	0x100	3.17403
0x371	0x101	3.63334
0x372	0x22	3.59321
0x373	0x103	3.7151
0x374	0x54	3.26828
0x375	0x31	3.74731
0x376	0x14	3.66916
0x377	0x33	3.83538
0x378	0x158	3.99903
0x379	0x101	3.55447
0x37a	0x50	3.58026
0x37b	0x72	3.66008
0x37c	0x74	3.4668
0x37d	0x105	3.82144
0x37e	0x7a	3.86277
0x37f	0x150	3.96712
0x380	0x80	2.23557
0x381	0x180	3.15127
0x382	0x82	3.15303
0x383	0x103	3.15902
0x384	0x184	3.11592
0x385	0x85	3.078
0x386	0x100	3.16033
0x387	0x107	3.71344
0x388	0x80	3.13669
0x389	0x89	3.54449
0x38a	0x8a	3.12895
0x38b	0x9	3.49149
0x38c	0x4	3.19029
0x38d	0x101	3.59832
0x38e	0x10e	3.9988
0x38f	0x103	3.75147
0x390	0x180	3.00107
0x391	0x90	3.35535
0x392	0x100	3.73102
0x393	0x11	3.43965
0x394	0x194	3.1138
0x395	0x190	3.64702
0x396	0x12	3.33774
0x397	0x107	3.65996
0x398	0x118	3.12321
0x399	0x11	3.67821
0x39a	0x12	3.53551
0x39b	0x9	3.55319
0x39c	0x14	3.53637
0x39d	0x9	3.61755
0x39e	0x118	3.67326
0x39f	0x11c	3.93092
0x3a0	0x1a0	2.75891
0x3a1	0xa0	3.42072
0x3a2	0x1a2	3.56117
0x3a3	0x120	3.53258
0x3a4	0x1a4	3.32023
0x3a5	0x185	3.3594
0x3a6	0x126	3.67603
0x3a7	0x127	3.66075
0x3a8	0x1a0	3.18331
0x3a9	0x1a8	3.57967
0x3aa	0x8a	3.45452
0x3ab	0x123	3.58849
0x3ac	0x1a4	3.67235
0x3ad	0x18d	3.61352
0x3ae	0x2a	3.72692
0x3af	0x22	4.05767
0x3b0	0x80	3.01197
0x3b1	0x81	3.72145
0x3b2	0x1b0	3.4253
0x3b3	0x11	3.62911
0x3b4	0x94	3.71018
0x3b5	0x1b4	3.99624
0x3b6	0x32	3.73125
0x3b7	0x25	3.58928
0x3b8	0x120	3.16039
0x3b9	0xa0	3.73921
0x3ba	0x28	3.55723
0x3bb	0x8b	3.83583
0x3bc	0x120	3.38079
0x3bd	0x39	3.9819
0x3be	0x12e	3.9988
0x3bf	0x13c	4.27635
0x3c0	0x1c0	2.65751
0x3c1	0x1c0	3.4963
0x3c2	0x82	3.38699
0x3c3	0x41	3.63174
0x3c4	0x44	3.43979
0x3c5	0x180	3.83407
0x3c6	0x106	3.55987
0x3c7	0xc5	3.75178
0x3c8	0x100	3.34959
0x3c9	0x88	3.79949
0x3ca	0x180	3.78747
0x3cb	0x42	3.89368
0x3cc	0x1c4	3.56595
0x3cd	0xcd	3.86511
0x3ce	0xc4	3.6309
0x3cf	0x1c4	3.91376
0x3d0	0x90	3.0929
0x3d1	0x90	3.58883
0x3d2	0x1c0	3.67992
0x3d3	0x103	3.83231
0x3d4	0xd4	3.48655
0x3d5	0x180	3.71846
0x3d6	0x110	3.8436
0x3d7	0x52	4.05798
0x3d8	0x50	3.40231
0x3d9	0x49	3.47967
0x3da	0x52	3.58396
0x3db	0x158	3.9987
0x3dc	0x180	3.73382
0x3dd	0xd5	3.99931
0x3de	0x1c4	3.95514
0x3df	0x4d	4.0952
0x3e0	0x40	2.99955
0x3e1	0x101	3.61262
0x3e2	0x102	3.99876
0x3e3	0x21	3.80284
0x3e4	0x44	3.44729
0x3e5	0xc5	3.61017
0x3e6	0x1e4	3.53703
0x3e7	0xe2	3.93118
0x3e8	0x88	3.35413
0x3e9	0x1a1	3.71304
0x3ea	0x42	3.57984
0x3eb	0x22	3.9987
0x3ec	0x24	3.39061
0x3ed	0xac	3.77782
0x3ee	0x1a0	3.85596
0x3ef	0x127	4.09513
0x3f0	0x50	3.10188
0x3f1	0x41	3.86397
0x3f2	0x112	3.55133
0x3f3	0xf2	3.96983
0x3f4	0x180	3.62327
0x3f5	0xc0	3.99921
0x3f6	0x1d6	4.0071
0x3f7	0x1b0	4.27704
0x3f8	0x50	3.49894
0x3f9	0x51	3.99691
0x3fa	0x32	3.85194
0x3fb	0x160	3.96784
0x3fc	0x74	3.93208
0x3fd	0x1bc	4.07856
0x3fe	0x1b0	3.97083
0x3ff	0x16f	4.04456
